Workbook

Sheet 작성안내
B2: 사업 예산 편성 시트 ― 사용 안내
B3: 공모사업 사업계획서의 '예산 계획' 항목을 작성하기 위한 시트입니다.
B5: 작성 순서
B6: 1단계 | C6: 공고문의 '예산 편성 기준 / 보조금 관리 지침'을 먼저 확인합니다. (비목별 한도, 자부담 최소 비율, 집행 불가 항목)
B7: 2단계 | C7: [검산점검] 시트의 노란 칸에 총사업비·기준 비율을 입력합니다.
B8: 3단계 | C8: [산출근거입력] 시트에 세부 항목을 한 줄씩 입력합니다. 금액은 '단가 × 수량 × 횟수'로 자동 계산됩니다.
B9: 4단계 | C9: [예산총괄표] 시트에서 비목별·재원별 집계와 비율이 자동으로 산출됩니다.
B10: 5단계 | C10: [검산점검] 시트에서 모든 항목이 '적합'인지 확인한 뒤 계획서에 옮겨 적습니다.
B12: 색상 범례
B13: 노란색 칸 | C13: 직접 입력하는 칸입니다. (파란 글씨 = 사용자가 입력한 값)
B14: 흰색 칸 | C14: 수식이 자동 계산하는 칸입니다. 덮어쓰지 마세요.
B16: 핵심 원칙
B17: 원칙 1 | C17: 모든 금액은 '단가 × 수량 × 횟수'로 분해합니다. 뭉뚱그린 총액은 감액 1순위입니다.
B18: 원칙 2 | C18: 단가에는 근거가 있어야 합니다. (기관 강사비 지급기준, 공무원 여비 규정, 견적서 등) → [단가참고] 시트
B19: 원칙 3 | C19: 사업계획서 본문에 없는 항목에는 예산을 잡지 않습니다. 목차와 예산 항목은 1:1로 대응해야 합니다.
B20: 원칙 4 | C20: 자부담(현금)과 현물(공간·인력 환산)을 명시하면 같은 금액이라도 실행 의지로 평가됩니다.
B21: 원칙 5 | C21: 합계가 총사업비와 1원이라도 어긋나면 신뢰도 전체가 흔들립니다. 제출 전 반드시 검산하세요.
B23: 비목 추가 방법
B24: 1단계 | C24: [산출근거입력]의 비목 칸은 드롭다운 목록에 없는 이름도 직접 입력할 수 있습니다.
B25: 2단계 | C25: 직접 입력했다면 [예산총괄표] 15~17행 노란 칸에 '같은 이름'을 그대로 적어야 집계됩니다.
B26: 3단계 | C26: 적지 않으면 그 금액은 총괄표에서 사라집니다. [검산점검] 첫 항목이 이를 자동으로 잡아냅니다.

Sheet 산출근거입력
A1: ① 산출근거 입력 (노란 칸에 한 줄씩 입력하세요)
A2: 금액(G열)은 단가 × 수량 × 횟수로 자동 계산됩니다. 4~8행은 작성 예시이며, 실제 작성 시 지우고 사용하세요.
A3: 비목(대분류) | B3: 세부 항목 | C3: 산출근거 설명 | D3: 단가(원) | E3: 수량 | F3: 횟수 | G3: 금액(원) | H3: 재원 구분 | I3: 비고
A4: 강사비 | B4: 문화예술 강사료 | C4: 250,000원 × 2명 × 20회 | D4: 250000 | E4: 2 | F4: 20 | G4: =IF(COUNT(D4:F4)=3,D4*E4*F4,"") -> 10000000 | H4: 보조금 | I4: 기관 강사비 지급기준 준용
A5: 인건비 | B5: 운영 담당자 인건비 | C5: 2,000,000원 × 1명 × 2개월 | D5: 2000000 | E5: 1 | F5: 2 | G5: =IF(COUNT(D5:F5)=3,D5*E5*F5,"") -> 4000000 | H5: 보조금 | I5: 4대보험 사업자부담 포함
A6: 재료비 | B6: 교육 재료비 | C6: 15,000원 × 300명 × 4회 | D6: 15000 | E6: 300 | F6: 4 | G6: =IF(COUNT(D6:F6)=3,D6*E6*F6,"") -> 18000000 | H6: 보조금 | I6: 견적서 3곳 비교 평균
A7: 행사운영비 | B7: 성과 공유회 운영 | C7: 5,000,000원 × 1식 × 1회 | D7: 5000000 | E7: 1 | F7: 1 | G7: =IF(COUNT(D7:F7)=3,D7*E7*F7,"") -> 5000000 | H7: 보조금 | I7: 무대·음향 임차 포함
A8: 홍보비 | B8: 온라인 광고 | C8: 2,000,000원 × 1식 × 1회 | D8: 2000000 | E8: 1 | F8: 1 | G8: =IF(COUNT(D8:F8)=3,D8*E8*F8,"") -> 2000000 | H8: 보조금 | I8: 플랫폼 공시 단가
A9: 홍보비 | B9: 리플릿 인쇄 | C9: 2,000원 × 500부 × 1회 | D9: 2000 | E9: 500 | F9: 1 | G9: =IF(COUNT(D9:F9)=3,D9*E9*F9,"") -> 1000000 | H9: 자부담(현금) | I9: 지역 인쇄소 견적
A10: 여비 | B10: 강사 출장 여비 | C10: 100,000원 × 2명 × 15회 | D10: 100000 | E10: 2 | F10: 15 | G10: =IF(COUNT(D10:F10)=3,D10*E10*F10,"") -> 3000000 | H10: 보조금 | I10: 공무원 여비 규정 준용
A11: 임차료 | B11: 교육장 사용료 | C11: 100,000원 × 1실 × 40회 (기관 공간 무상 제공 환산) | D11: 100000 | E11: 1 | F11: 40 | G11: =IF(COUNT(D11:F11)=3,D11*E11*F11,"") -> 4000000 | H11: 자부담(현물) | I11: 현물 환산액
A12: 기타운영비 | B12: 보험료 · 소모품 | C12: 1,000,000원 × 1식 × 1회 | D12: 1000000 | E12: 1 | F12: 1 | G12: =IF(COUNT(D12:F12)=3,D12*E12*F12,"") -> 1000000 | H12: 보조금 | I12: 상해보험 300명
A13: 간접비 | B13: 관리 운영비 | C13: 2,000,000원 × 1식 × 1회 | D13: 2000000 | E13: 1 | F13: 1 | G13: =IF(COUNT(D13:F13)=3,D13*E13*F13,"") -> 2000000 | H13: 보조금 | I13: 직접비의 4%
G14: =IF(COUNT(D14:F14)=3,D14*E14*F14,"")
G15: =IF(COUNT(D15:F15)=3,D15*E15*F15,"")
G16: =IF(COUNT(D16:F16)=3,D16*E16*F16,"")
G17: =IF(COUNT(D17:F17)=3,D17*E17*F17,"")
G18: =IF(COUNT(D18:F18)=3,D18*E18*F18,"")
G19: =IF(COUNT(D19:F19)=3,D19*E19*F19,"")
G20: =IF(COUNT(D20:F20)=3,D20*E20*F20,"")
G21: =IF(COUNT(D21:F21)=3,D21*E21*F21,"")
G22: =IF(COUNT(D22:F22)=3,D22*E22*F22,"")
G23: =IF(COUNT(D23:F23)=3,D23*E23*F23,"")
G24: =IF(COUNT(D24:F24)=3,D24*E24*F24,"")
G25: =IF(COUNT(D25:F25)=3,D25*E25*F25,"")
... G63: =IF(COUNT(D63:F63)=3,D63*E63*F63,"")
C64: 합 계 | G64: =SUM(G4:G63) -> 50000000

Sheet 예산총괄표
A1: ② 예산 총괄표 (자동 집계 — 입력하지 마세요)
A2: [산출근거입력] 시트의 내용이 자동으로 집계됩니다. 계획서에는 이 표를 그대로 옮겨 적으면 됩니다.
A4: 비목 | B4: 금액(원) | C4: 비율 | D4: 천원 단위 | E4: 비고
A5: 인건비 | B5: =IF($A5="",0,SUMIF(산출근거입력!$A$4:$A$63,$A5,산출근거입력!$G$4:$G$63)) -> 4000000 | C5: =IFERROR(B5/$B$18,0) -> 0.08 | D5: =ROUND(B5/1000,0) -> 4000
A6: 강사비 | B6: =IF($A6="",0,SUMIF(산출근거입력!$A$4:$A$63,$A6,산출근거입력!$G$4:$G$63)) -> 10000000 | C6: =IFERROR(B6/$B$18,0) -> 0.2 | D6: =ROUND(B6/1000,0) -> 10000
A7: 재료비 | B7: =IF($A7="",0,SUMIF(산출근거입력!$A$4:$A$63,$A7,산출근거입력!$G$4:$G$63)) -> 18000000 | C7: =IFERROR(B7/$B$18,0) -> 0.36 | D7: =ROUND(B7/1000,0) -> 18000
A8: 임차료 | B8: =IF($A8="",0,SUMIF(산출근거입력!$A$4:$A$63,$A8,산출근거입력!$G$4:$G$63)) -> 4000000 | C8: =IFERROR(B8/$B$18,0) -> 0.08 | D8: =ROUND(B8/1000,0) -> 4000
A9: 홍보비 | B9: =IF($A9="",0,SUMIF(산출근거입력!$A$4:$A$63,$A9,산출근거입력!$G$4:$G$63)) -> 3000000 | C9: =IFERROR(B9/$B$18,0) -> 0.06 | D9: =ROUND(B9/1000,0) -> 3000
A10: 여비 | B10: =IF($A10="",0,SUMIF(산출근거입력!$A$4:$A$63,$A10,산출근거입력!$G$4:$G$63)) -> 3000000 | C10: =IFERROR(B10/$B$18,0) -> 0.06 | D10: =ROUND(B10/1000,0) -> 3000
A11: 회의비 | B11: =IF($A11="",0,SUMIF(산출근거입력!$A$4:$A$63,$A11,산출근거입력!$G$4:$G$63)) -> 0 | C11: =IFERROR(B11/$B$18,0) -> 0 | D11: =ROUND(B11/1000,0) -> 0
A12: 행사운영비 | B12: =IF($A12="",0,SUMIF(산출근거입력!$A$4:$A$63,$A12,산출근거입력!$G$4:$G$63)) -> 5000000 | C12: =IFERROR(B12/$B$18,0) -> 0.1 | D12: =ROUND(B12/1000,0) -> 5000
A13: 기타운영비 | B13: =IF($A13="",0,SUMIF(산출근거입력!$A$4:$A$63,$A13,산출근거입력!$G$4:$G$63)) -> 1000000 | C13: =IFERROR(B13/$B$18,0) -> 0.02 | D13: =ROUND(B13/1000,0) -> 1000
A14: 간접비 | B14: =IF($A14="",0,SUMIF(산출근거입력!$A$4:$A$63,$A14,산출근거입력!$G$4:$G$63)) -> 2000000 | C14: =IFERROR(B14/$B$18,0) -> 0.04 | D14: =ROUND(B14/1000,0) -> 2000
B15: =IF($A15="",0,SUMIF(산출근거입력!$A$4:$A$63,$A15,산출근거입력!$G$4:$G$63)) -> 0 | C15: =IFERROR(B15/$B$18,0) -> 0 | D15: =ROUND(B15/1000,0) -> 0 | E15: 직접 입력 비목 — 목록에 없는 비목을 쓴 경우 같은 이름 입력
B16: =IF($A16="",0,SUMIF(산출근거입력!$A$4:$A$63,$A16,산출근거입력!$G$4:$G$63)) -> 0 | C16: =IFERROR(B16/$B$18,0) -> 0 | D16: =ROUND(B16/1000,0) -> 0 | E16: 직접 입력 비목 — 목록에 없는 비목을 쓴 경우 같은 이름 입력
B17: =IF($A17="",0,SUMIF(산출근거입력!$A$4:$A$63,$A17,산출근거입력!$G$4:$G$63)) -> 0 | C17: =IFERROR(B17/$B$18,0) -> 0 | D17: =ROUND(B17/1000,0) -> 0 | E17: 직접 입력 비목 — 목록에 없는 비목을 쓴 경우 같은 이름 입력
A18: 합 계 | B18: =SUM(B5:B17) -> 50000000 | C18: =IFERROR(B18/B18,0) -> 1 | D18: =ROUND(B18/1000,0) -> 50000
A20: 재원별 집계
A21: 재원 구분 | B21: 금액(원) | C21: 비율 | D21: 천원 단위 | E21: 비고
A22: 보조금 | B22: =SUMIF(산출근거입력!$H$4:$H$63,$A22,산출근거입력!$G$4:$G$63) -> 45000000 | C22: =IFERROR(B22/$B$25,0) -> 0.9 | D22: =ROUND(B22/1000,0) -> 45000 | E22: 공고기관 지원금
A23: 자부담(현금) | B23: =SUMIF(산출근거입력!$H$4:$H$63,$A23,산출근거입력!$G$4:$G$63) -> 1000000 | C23: =IFERROR(B23/$B$25,0) -> 0.02 | D23: =ROUND(B23/1000,0) -> 1000 | E23: 우리 기관이 직접 부담
A24: 자부담(현물) | B24: =SUMIF(산출근거입력!$H$4:$H$63,$A24,산출근거입력!$G$4:$G$63) -> 4000000 | C24: =IFERROR(B24/$B$25,0) -> 0.08 | D24: =ROUND(B24/1000,0) -> 4000 | E24: 공간·인력·장비 환산액
A25: 합 계 | B25: =SUM(B22:B24) -> 50000000 | C25: =IFERROR(B25/B25,0) -> 1 | D25: =ROUND(B25/1000,0) -> 50000
A27: ※ 비목 합계와 재원 합계는 반드시 같아야 합니다. 다르면 [산출근거입력] 시트에 비목 또는 재원 구분이 빠진 행이 있습니다.

Sheet 검산점검
B2: ③ 검산 · 점검
B3: 노란 칸에 공고문 기준을 입력하면, 아래 점검 항목이 자동으로 판정됩니다.
B5: 공고문 기준 입력
B6: 총사업비 한도(원) | C6: 50000000 | D6: 공고문에 명시된 총사업비
B7: 인건비성 경비 상한 비율 | C7: 0.3 | D7: 인건비 + 강사비 합계의 상한 (예: 30%)
B8: 자부담 최소 비율 | C8: 0.1 | D8: 자부담(현금+현물) 최소 비율
B9: 간접비 상한 비율 | C9: 0.1 | D9: 간접비(관리운영비) 상한
B12: 자동 점검 결과
B13: 점검 항목 | C13: 기준 | D13: 현재 값 | E13: 판정 | F13: 확인 방법
B14: 총괄표에 집계되지 않은 금액 | C14: 0원 | D14: =산출근거입력!G64-예산총괄표!B18 -> 0 | E14: =IF(산출근거입력!G64-예산총괄표!B18=0,"적합","누락 발생") -> 적합 | F14: 목록에 없는 비목을 쓴 경우입니다. [예산총괄표] 노란 칸에 그 비목명을 입력하세요.
B15: 합계가 총사업비와 일치하는가 | C15: =C6 -> 50000000 | D15: =예산총괄표!B18 -> 50000000 | E15: =IF(예산총괄표!B18=C6,"적합","확인 필요") -> 적합 | F15: 다르면 [산출근거입력] 시트의 금액을 조정하세요.
B16: 인건비성 경비가 상한 이내인가 | C16: =C7 -> 0.3 | D16: =IFERROR((예산총괄표!B5+예산총괄표!B6)/예산총괄표!B18,0) -> 0.28 | E16: =IF(IFERROR((예산총괄표!B5+예산총괄표!B6)/예산총괄표!B18,0)<=C7,"적합","초과") -> 적합 | F16: 초과 시 강사비를 재료비·행사운영비로 재배분하세요.
B17: 자부담 비율이 최소 기준 이상인가 | C17: =C8 -> 0.1 | D17: =IFERROR((예산총괄표!B23+예산총괄표!B24)/예산총괄표!B25,0) -> 0.1 | E17: =IF(IFERROR((예산총괄표!B23+예산총괄표!B24)/예산총괄표!B25,0)>=C8,"적합","부족") -> 적합 | F17: 부족 시 현물(공간·인력 환산)을 추가 계상하세요.
B18: 간접비가 상한 이내인가 | C18: =C9 -> 0.1 | D18: =IFERROR(예산총괄표!B14/예산총괄표!B18,0) -> 0.04 | E18: =IF(IFERROR(예산총괄표!B14/예산총괄표!B18,0)<=C9,"적합","초과") -> 적합 | F18: 초과 시 간접비를 줄이고 직접비로 옮기세요.
B19: 산출근거 설명이 비어 있는 행 | C19: 0건 | D19: =SUMPRODUCT((산출근거입력!G4:G63<>"")*(산출근거입력!C4:C63="")) -> 0 | E19: =IF(SUMPRODUCT((산출근거입력!G4:G63<>"")*(산출근거입력!C4:C63=""))=0,"적합","보완 필요") -> 적합 | F19: 금액은 있는데 근거 설명이 없는 행입니다.
B20: 비목이 지정되지 않은 행 | C20: 0건 | D20: =SUMPRODUCT((산출근거입력!G4:G63<>"")*(산출근거입력!A4:A63="")) -> 0 | E20: =IF(SUMPRODUCT((산출근거입력!G4:G63<>"")*(산출근거입력!A4:A63=""))=0,"적합","보완 필요") -> 적합 | F20: 비목이 없으면 총괄표에 집계되지 않습니다.
B21: 재원 구분이 없는 행 | C21: 0건 | D21: =SUMPRODUCT((산출근거입력!G4:G63<>"")*(산출근거입력!H4:H63="")) -> 0 | E21: =IF(SUMPRODUCT((산출근거입력!G4:G63<>"")*(산출근거입력!H4:H63=""))=0,"적합","보완 필요") -> 적합 | F21: 재원 집계 합계가 비목 합계와 달라집니다.
B25: ※ '적합'이 아닌 항목이 하나라도 있으면 제출하지 마세요. 심사에서 가장 먼저 지적되는 부분입니다.

Sheet 단가참고
A1: ④ 산출근거 자료 출처표
A2: 예산의 '단가'는 아래 공식 자료 중 하나를 근거로 잡습니다. 근거가 셋(공식 단가표 / 기관 내부 규정 / 견적서) 중 하나에 걸리면 감액 지적을 받지 않습니다.
A3: ※ 사이트 주소를 클릭하면 해당 기관으로 이동합니다. 자료는 매년 갱신되므로 반드시 해당 연도 판을 확인하세요.
A5: 사업 유형 | B5: 근거 자료명 | C5: 발표 기관 | D5: 자료 받는 곳 | E5: 적용 주기
A6: 공사(토목·건축) | B6: 건설공사 표준품셈 | C6: 국토교통부 · 건설기술연구원 | D6: codil.or.kr | E6: 매년 1월
A7: 공사(토목·건축) | B7: 건설공사 표준시장단가 | C7: 국토교통부 | D7: codil.or.kr | E7: 반기(1월·7월)
A8: 공사(토목·건축) | B8: 표준일위대가 · 원가제비율 | C8: 조달청 | D8: g2b.go.kr | E8: 반기
A9: 공사비 종합 | B9: 공사비 원가 관리 자료 | C9: 건설기술연구원 공사비원가관리센터 | D9: cost.kict.re.kr | E9: 수시
A10: 학술 · 연구용역 | B10: 학술연구용역 인건비 기준단가 | C10: 행정안전부 (고시) | D10: mois.go.kr | E10: 매년
A11: 엔지니어링(설계·감리) | B11: 엔지니어링업체 임금실태조사 | C11: 한국엔지니어링협회 | D11: kpi.or.kr | E11: 매년
A12: SW · 정보화 | B12: SW기술자 평균임금 공표 | C12: 한국소프트웨어산업협회 | D12: kpi.or.kr | E12: 매년(1.1~12.31)
A13: 입찰 평가 기준 | B13: 협상에 의한 계약체결기준(계약예규) | C13: 기획재정부 | D13: law.go.kr | E13: 개정 시
A14: 입찰 평가 기준 | B14: 협상에 의한 계약 제안서평가 세부기준 | C14: 조달청 (지침) | D14: law.go.kr | E14: 개정 시
A15: 여비 · 출장비 | B15: 공무원 여비 규정 | C15: 인사혁신처 | D15: law.go.kr | E15: 개정 시
A16: 물품 구매 | B16: 종합쇼핑몰 계약단가 | C16: 조달청 | D16: g2b.go.kr | E16: 상시
... A20: 물품 · 용역 일반 | B20: 업체 견적서 3곳 비교 | C20: 거래 업체 | D20: 직접 수취 후 계획서 첨부 | E20: 건별
A22: 일위대가, 지금도 쓰나요?
A23: 쓴다 — 단, 공사 분야에 한정됩니다. 일위대가는 단위 작업 하나(예: 콘크리트 1㎥)를 완성하는 데 드는 재료·노무·장비를 표준품셈에 따라 쌓아 만든 단가표입니다.
A24: 교육·문화·복지 같은 프로그램형 보조사업 계획서에는 일위대가를 쓰지 않습니다. '단가 × 수량 × 횟수'로 충분하며, 오히려 넣으면 형식이 맞지 않습니다.
A26: 집행 불가 항목 (대표 사례 — 공고마다 다르므로 반드시 해당 지침 확인)
A27: · 자산 취득비(장비·비품 구입) — 사업 종료 후 잔존가치가 남는 항목
A28: · 순수 식비 · 주류 — 사업 목적과 직접 관련 없는 식대
A29: · 상품권 · 기프티콘 — 현금성 지급으로 간주되는 경우가 많음
A30: · 인건비 성격의 자문료 중복 계상
A31: · 타 사업과 중복 계상된 비용 (이중 수혜)
A33: 단가 근거를 쓰는 순서
A34: 1단계 공고문의 '예산 편성 기준'에서 비목별 한도와 집행 불가 항목을 먼저 확인한다
A35: 2단계 인건비성 경비(인건비·강사비·여비)는 위 표의 공식 단가표를 근거로 잡는다
... A37: 4단계 [산출근거입력] 시트의 '비고'란에 근거 자료명을 반드시 적어둔다
